user_genome	classification	fastani_reference	fastani_reference_radius	fastani_taxonomy	fastani_ani	fastani_af	closest_placement_reference	closest_placement_radius	closest_placement_taxonomy	closest_placement_ani	closest_placement_af	pplacer_taxonomy	classification_method	note	other_related_references(genome_id,species_name,radius,ANI,AF)	msa_percent	translation_table	red_value	warnings
ASM2277590v1	d__Archaea;p__Methanobacteriota;c__Methanobacteria;o__Methanobacteriales;f__Methanobacteriaceae;g__Methanobrevibacter_A;s__	N/A	N/A	N/A	N/A	N/A	GCF_003814835.1	95.0	d__Archaea;p__Methanobacteriota;c__Methanobacteria;o__Methanobacteriales;f__Methanobacteriaceae;g__Methanobrevibacter_A;s__Methanobrevibacter_A gottschalkii	86.13	0.76	d__Archaea;p__Methanobacteriota;c__Methanobacteria;o__Methanobacteriales;f__Methanobacteriaceae;g__Methanobrevibacter_A;s__	taxonomic classification defined by topology and ANI	N/A	GCA_900769095.1, s__Methanobrevibacter_A sp900769095, 95.0, 86.46, 0.75; GCA_904501935.1, s__Methanobrevibacter_A sp904501935, 95.0, 82.17, 0.66; GCF_001548675.1, s__Methanobrevibacter_A sp001548675, 95.0, 81.91, 0.65; GCA_902770715.1, s__Methanobrevibacter_A sp902770715, 95.0, 81.9, 0.58; GCA_017407115.1, s__Methanobrevibacter_A sp017407115, 95.0, 81.48, 0.52; GCA_017940815.1, s__Methanobrevibacter_A sp017940815, 95.0, 81.43, 0.52; GCA_900314695.1, s__Methanobrevibacter_A sp900314695, 95.0, 81.42, 0.57; GCA_902785855.1, s__Methanobrevibacter_A sp902785855, 95.0, 81.35, 0.54; GCA_017539065.1, s__Methanobrevibacter_A sp017539065, 95.0, 81.29, 0.54; GCA_015062935.1, s__Methanobrevibacter_A sp015062935, 95.0, 81.25, 0.6; GCA_017427765.1, s__Methanobrevibacter_A sp017427765, 95.0, 81.15, 0.59; GCA_902764455.1, s__Methanobrevibacter_A sp902764455, 95.0, 81.1, 0.59; GCA_017468685.1, s__Methanobrevibacter_A sp017468685, 95.0, 81.01, 0.57; GCA_017434525.1, s__Methanobrevibacter_A sp017434525, 95.0, 81.01, 0.56; GCA_017473945.1, s__Methanobrevibacter_A sp017473945, 95.0, 80.98, 0.52; GCA_900314615.1, s__Methanobrevibacter_A sp900314615, 95.0, 80.88, 0.59; GCA_017409525.1, s__Methanobrevibacter_A sp017409525, 95.0, 80.84, 0.52; GCA_017459665.1, s__Methanobrevibacter_A sp017459665, 95.0, 80.78, 0.5; GCA_015062985.1, s__Methanobrevibacter_A sp015062985, 95.0, 80.77, 0.55; GCA_902801725.1, s__Methanobrevibacter_A sp902801725, 95.0, 80.74, 0.53; GCA_017431965.1, s__Methanobrevibacter_A sp017431965, 95.0, 80.73, 0.52; GCA_015062915.1, s__Methanobrevibacter_A thaueri_B, 95.0, 80.69, 0.49; GCA_900313645.1, s__Methanobrevibacter_A sp900313645, 95.0, 80.62, 0.56; GCA_900319985.1, s__Methanobrevibacter_A sp900319985, 95.0, 80.55, 0.52; GCF_003111625.1, s__Methanobrevibacter_A thaueri, 95.0, 80.55, 0.52; GCA_902774605.1, s__Methanobrevibacter_A sp902774605, 95.0, 80.49, 0.42; GCA_900318035.1, s__Methanobrevibacter_A sp900318035, 95.0, 80.43, 0.51; GCA_902771435.1, s__Methanobrevibacter_A sp902771435, 95.0, 80.39, 0.53; GCA_902788255.1, s__Methanobrevibacter_A sp902788255, 95.0, 80.38, 0.54; GCA_900320955.1, s__Methanobrevibacter_A sp900320955, 95.0, 80.37, 0.46; GCA_900320515.1, s__Methanobrevibacter_A sp900320515, 95.0, 80.34, 0.41; GCA_900316895.1, s__Methanobrevibacter_A sp900316895, 95.0, 80.32, 0.5; GCA_902789505.1, s__Methanobrevibacter_A sp902789505, 95.0, 80.23, 0.45; GCA_015062905.1, s__Methanobrevibacter_A thaueri_A, 95.0, 80.22, 0.45; GCA_902771225.1, s__Methanobrevibacter_A sp900319535, 95.0, 80.21, 0.47; GCA_015062925.1, s__Methanobrevibacter_A thaueri_C, 95.0, 80.18, 0.47; GCA_017634055.1, s__Methanobrevibacter_A sp017634055, 95.0, 80.13, 0.44; GCF_001477655.1, s__Methanobrevibacter_A millerae_A, 95.0, 80.11, 0.5; GCA_015063005.1, s__Methanobrevibacter_A millerae_B, 95.0, 80.06, 0.42; GCA_017406825.1, s__Methanobrevibacter_A sp017406825, 95.0, 80.04, 0.51; GCF_001639275.1, s__Methanobrevibacter_A oralis, 95.0, 79.93, 0.45; GCA_900317865.1, s__Methanobrevibacter_A sp900317865, 95.0, 79.88, 0.43; GCA_017460025.1, s__Methanobrevibacter_A sp017460025, 95.0, 79.85, 0.34; GCA_017434555.1, s__Methanobrevibacter_A sp017434555, 95.0, 79.78, 0.47; GCF_000016525.1, s__Methanobrevibacter_A smithii, 95.0, 79.76, 0.46; GCA_017447225.1, s__Methanobrevibacter_A sp017447225, 95.0, 79.67, 0.41; GCF_002252585.1, s__Methanobrevibacter_A smithii_A, 95.0, 79.65, 0.46; GCA_017553445.1, s__Methanobrevibacter_A sp017553445, 95.0, 79.55, 0.41; GCA_902794475.1, s__Methanobrevibacter_A sp902794475, 95.0, 79.37, 0.42; GCF_003111605.1, s__Methanobrevibacter_A woesei, 95.0, 79.3, 0.43; GCF_900103415.1, s__Methanobrevibacter_A millerae, 95.0, 79.13, 0.3; GCA_902777885.1, s__Methanobrevibacter_A sp902777885, 95.0, 79.02, 0.4; GCA_902764015.1, s__Methanobrevibacter_A sp902764015, 95.0, 78.92, 0.29; GCA_902783085.1, s__Methanobrevibacter_A sp902783085, 95.0, 78.79, 0.51; GCA_902782595.1, s__Methanobrevibacter_A sp902782595, 95.0, 78.53, 0.41; GCA_900766745.1, s__Methanobrevibacter_A sp900766745, 95.0, 78.5, 0.28; GCA_002496065.1, s__Methanobrevibacter_A sp002496065, 95.0, 78.34, 0.33; GCA_902772665.1, s__Methanobrevibacter_A sp902772665, 95.0, 78.29, 0.39; GCA_902796575.1, s__Methanobrevibacter_A sp902796575, 95.0, 77.61, 0.27	98.88	11	0.9885356818213928	Genome not assigned to closest species as it falls outside its pre-defined ANI radius
ASM2277999v1	d__Archaea;p__Methanobacteriota;c__Methanobacteria;o__Methanobacteriales;f__Methanobacteriaceae;g__Methanobrevibacter_B;s__Methanobrevibacter_B boviskoreani	GCF_000320505.1	95.0	d__Archaea;p__Methanobacteriota;c__Methanobacteria;o__Methanobacteriales;f__Methanobacteriaceae;g__Methanobrevibacter_B;s__Methanobrevibacter_B boviskoreani	98.16	0.94	GCF_000320505.1	95.0	d__Archaea;p__Methanobacteriota;c__Methanobacteria;o__Methanobacteriales;f__Methanobacteriaceae;g__Methanobrevibacter_B;s__Methanobrevibacter_B boviskoreani	98.16	0.94	d__Archaea;p__Methanobacteriota;c__Methanobacteria;o__Methanobacteriales;f__Methanobacteriaceae;g__Methanobrevibacter_B;s__	taxonomic classification defined by topology and ANI	topological placement and ANI have congruent species assignments	GCF_002208625.1, s__Methanobrevibacter_B sp002208625, 95.0, 79.87, 0.52; GCF_000621965.1, s__Methanobrevibacter_B wolinii, 95.0, 79.82, 0.55; GCA_905235195.1, s__Methanobrevibacter_B sp905235195, 95.0, 79.2, 0.44; GCA_900314605.1, s__Methanobrevibacter_B sp900314605, 95.0, 78.84, 0.43	98.99	11	N/A	N/A
ASM2278018v1	d__Archaea;p__Methanobacteriota;c__Methanobacteria;o__Methanobacteriales;f__Methanobacteriaceae;g__Methanobrevibacter_A;s__Methanobrevibacter_A woesei	GCF_003111605.1	95.0	d__Archaea;p__Methanobacteriota;c__Methanobacteria;o__Methanobacteriales;f__Methanobacteriaceae;g__Methanobrevibacter_A;s__Methanobrevibacter_A woesei	96.97	0.94	GCF_003111605.1	95.0	d__Archaea;p__Methanobacteriota;c__Methanobacteria;o__Methanobacteriales;f__Methanobacteriaceae;g__Methanobrevibacter_A;s__Methanobrevibacter_A woesei	96.97	0.94	d__Archaea;p__Methanobacteriota;c__Methanobacteria;o__Methanobacteriales;f__Methanobacteriaceae;g__Methanobrevibacter_A;s__	taxonomic classification defined by topology and ANI	topological placement and ANI have congruent species assignments	GCF_002252585.1, s__Methanobrevibacter_A smithii_A, 95.0, 80.13, 0.53; GCF_000016525.1, s__Methanobrevibacter_A smithii, 95.0, 80.03, 0.52; GCA_900766745.1, s__Methanobrevibacter_A sp900766745, 95.0, 79.66, 0.42; GCA_900314695.1, s__Methanobrevibacter_A sp900314695, 95.0, 79.57, 0.35; GCF_001477655.1, s__Methanobrevibacter_A millerae_A, 95.0, 79.48, 0.37; GCA_902774605.1, s__Methanobrevibacter_A sp902774605, 95.0, 79.38, 0.17; GCF_900103415.1, s__Methanobrevibacter_A millerae, 95.0, 79.37, 0.17; GCA_900769095.1, s__Methanobrevibacter_A sp900769095, 95.0, 79.29, 0.4; GCA_902785855.1, s__Methanobrevibacter_A sp902785855, 95.0, 79.29, 0.45; GCA_902771225.1, s__Methanobrevibacter_A sp900319535, 95.0, 79.27, 0.38; GCF_003111625.1, s__Methanobrevibacter_A thaueri, 95.0, 79.22, 0.21; GCA_017940815.1, s__Methanobrevibacter_A sp017940815, 95.0, 79.19, 0.24; GCA_002496065.1, s__Methanobrevibacter_A sp002496065, 95.0, 79.18, 0.41; GCA_017553445.1, s__Methanobrevibacter_A sp017553445, 95.0, 79.15, 0.27; GCA_017409525.1, s__Methanobrevibacter_A sp017409525, 95.0, 79.13, 0.28; GCF_003814835.1, s__Methanobrevibacter_A gottschalkii, 95.0, 79.11, 0.43; GCA_015062915.1, s__Methanobrevibacter_A thaueri_B, 95.0, 79.08, 0.22; GCF_001548675.1, s__Methanobrevibacter_A sp001548675, 95.0, 79.08, 0.33; GCA_017427765.1, s__Methanobrevibacter_A sp017427765, 95.0, 79.05, 0.34; GCA_017434525.1, s__Methanobrevibacter_A sp017434525, 95.0, 79.04, 0.31; GCA_017460025.1, s__Methanobrevibacter_A sp017460025, 95.0, 79.02, 0.27; GCA_015063005.1, s__Methanobrevibacter_A millerae_B, 95.0, 79.02, 0.31; GCF_001639275.1, s__Methanobrevibacter_A oralis, 95.0, 78.99, 0.49; GCA_017407115.1, s__Methanobrevibacter_A sp017407115, 95.0, 78.98, 0.27; GCA_017447225.1, s__Methanobrevibacter_A sp017447225, 95.0, 78.96, 0.27; GCA_017468685.1, s__Methanobrevibacter_A sp017468685, 95.0, 78.91, 0.3; GCA_017473945.1, s__Methanobrevibacter_A sp017473945, 95.0, 78.9, 0.26; GCA_902764455.1, s__Methanobrevibacter_A sp902764455, 95.0, 78.86, 0.35; GCA_902788255.1, s__Methanobrevibacter_A sp902788255, 95.0, 78.81, 0.25; GCA_017539065.1, s__Methanobrevibacter_A sp017539065, 95.0, 78.72, 0.32; GCA_017459665.1, s__Methanobrevibacter_A sp017459665, 95.0, 78.72, 0.21; GCA_017434555.1, s__Methanobrevibacter_A sp017434555, 95.0, 78.67, 0.35; GCA_015062905.1, s__Methanobrevibacter_A thaueri_A, 95.0, 78.64, 0.19; GCA_015062935.1, s__Methanobrevibacter_A sp015062935, 95.0, 78.63, 0.35; GCA_900314615.1, s__Methanobrevibacter_A sp900314615, 95.0, 78.59, 0.31; GCA_900317865.1, s__Methanobrevibacter_A sp900317865, 95.0, 78.53, 0.35; GCA_902801725.1, s__Methanobrevibacter_A sp902801725, 95.0, 78.52, 0.32; GCA_900318035.1, s__Methanobrevibacter_A sp900318035, 95.0, 78.49, 0.26; GCA_017431965.1, s__Methanobrevibacter_A sp017431965, 95.0, 78.43, 0.35; GCA_902770715.1, s__Methanobrevibacter_A sp902770715, 95.0, 78.4, 0.31; GCA_902777885.1, s__Methanobrevibacter_A sp902777885, 95.0, 78.39, 0.24; GCA_904501935.1, s__Methanobrevibacter_A sp904501935, 95.0, 78.39, 0.32; GCA_900319985.1, s__Methanobrevibacter_A sp900319985, 95.0, 78.37, 0.26; GCA_902771435.1, s__Methanobrevibacter_A sp902771435, 95.0, 78.35, 0.28; GCA_900320515.1, s__Methanobrevibacter_A sp900320515, 95.0, 78.31, 0.19; GCA_900316895.1, s__Methanobrevibacter_A sp900316895, 95.0, 78.27, 0.23; GCA_900313645.1, s__Methanobrevibacter_A sp900313645, 95.0, 78.26, 0.29; GCA_900320955.1, s__Methanobrevibacter_A sp900320955, 95.0, 78.22, 0.26; GCA_015062925.1, s__Methanobrevibacter_A thaueri_C, 95.0, 78.16, 0.32; GCA_902783085.1, s__Methanobrevibacter_A sp902783085, 95.0, 78.11, 0.44; GCA_902789505.1, s__Methanobrevibacter_A sp902789505, 95.0, 78.01, 0.25; GCA_017406825.1, s__Methanobrevibacter_A sp017406825, 95.0, 78.01, 0.24; GCA_015062985.1, s__Methanobrevibacter_A sp015062985, 95.0, 77.7, 0.25; GCA_902764015.1, s__Methanobrevibacter_A sp902764015, 95.0, 77.6, 0.11; GCA_017634055.1, s__Methanobrevibacter_A sp017634055, 95.0, 77.54, 0.21; GCA_902794475.1, s__Methanobrevibacter_A sp902794475, 95.0, 77.42, 0.17; GCA_902796575.1, s__Methanobrevibacter_A sp902796575, 95.0, 77.14, 0.24; GCA_902782595.1, s__Methanobrevibacter_A sp902782595, 95.0, 76.74, 0.16; GCA_902772665.1, s__Methanobrevibacter_A sp902772665, 95.0, 76.22, 0.17	99.13	11	N/A	N/A
CNS0178529_20	d__Archaea;p__Thermoplasmatota;c__Thermoplasmata;o__Methanomassiliicoccales;f__Methanomethylophilaceae;g__UBA71;s__	N/A	N/A	N/A	N/A	N/A	GCA_016296195.1	95.0	d__Archaea;p__Thermoplasmatota;c__Thermoplasmata;o__Methanomassiliicoccales;f__Methanomethylophilaceae;g__UBA71;s__UBA71 sp016296195	86.2	0.57	d__Archaea;p__Thermoplasmatota;c__Thermoplasmata;o__Methanomassiliicoccales;f__Methanomethylophilaceae;g__UBA71;s__	taxonomic classification defined by topology and ANI	N/A	GCA_017935945.1, s__UBA71 sp017935945, 95.0, 81.29, 0.41; GCA_017461225.1, s__UBA71 sp017461225, 95.0, 81.05, 0.5; GCA_009911715.1, s__UBA71 sp006954425, 95.0, 80.72, 0.46; GCA_900767505.1, s__UBA71 sp900767505, 95.0, 80.16, 0.32; GCA_905187815.1, s__UBA71 sp905187815, 95.0, 79.88, 0.46; GCA_001563305.1, s__UBA71 sp001563305, 95.0, 79.76, 0.35; GCA_002504405.1, s__UBA71 sp002504405, 95.0, 79.67, 0.41; GCA_015063165.1, s__UBA71 sp015063165, 95.0, 79.56, 0.37; GCA_017468935.1, s__UBA71 sp017468935, 95.0, 79.53, 0.3; GCA_015063125.1, s__UBA71 sp015063125, 95.0, 79.51, 0.35; GCA_015063135.1, s__UBA71 sp015063135, 95.0, 79.49, 0.4; GCA_017507885.1, s__UBA71 sp017507885, 95.0, 79.43, 0.4; GCA_015063245.1, s__UBA71 sp015063245, 95.0, 79.37, 0.36; GCA_002506425.1, s__UBA71 sp002506425, 95.0, 79.11, 0.36; GCA_006954465.1, s__UBA71 sp006954465, 95.0, 79.0, 0.26; GCA_015063285.1, s__UBA71 sp015063285, 95.0, 78.97, 0.31; GCA_016284295.1, s__UBA71 sp016284295, 95.0, 78.95, 0.37; GCA_017519045.1, s__UBA71 sp017519045, 95.0, 78.61, 0.34; GCA_017540825.1, s__UBA71 sp017540825, 95.0, 78.51, 0.32; GCA_017524805.1, s__UBA71 sp017524805, 95.0, 78.47, 0.23; GCA_002504495.1, s__UBA71 sp002504495, 95.0, 78.44, 0.25; GCA_016281925.1, s__UBA71 sp016281925, 95.0, 78.08, 0.24; GCA_002506175.1, s__UBA71 sp002506175, 95.0, 78.06, 0.24; GCA_015063235.1, s__UBA71 sp015063235, 95.0, 77.93, 0.26; GCA_017475875.1, s__UBA71 sp017475875, 95.0, 77.8, 0.23; GCA_017616575.1, s__UBA71 sp017616575, 95.0, 77.73, 0.18	68.81	11	0.9656487016883235	Genome not assigned to closest species as it falls outside its pre-defined ANI radius
CNS0178584_7	d__Archaea;p__Thermoplasmatota;c__Thermoplasmata;o__Methanomassiliicoccales;f__Methanomethylophilaceae;g__Methanomethylophilus;s__Methanomethylophilus alvus	GCF_000300255.2	95.0	d__Archaea;p__Thermoplasmatota;c__Thermoplasmata;o__Methanomassiliicoccales;f__Methanomethylophilaceae;g__Methanomethylophilus;s__Methanomethylophilus alvus	98.98	0.91	GCF_000300255.2	95.0	d__Archaea;p__Thermoplasmatota;c__Thermoplasmata;o__Methanomassiliicoccales;f__Methanomethylophilaceae;g__Methanomethylophilus;s__Methanomethylophilus alvus	98.98	0.91	d__Archaea;p__Thermoplasmatota;c__Thermoplasmata;o__Methanomassiliicoccales;f__Methanomethylophilaceae;g__Methanomethylophilus;s__	taxonomic classification defined by topology and ANI	topological placement and ANI have congruent species assignments	GCA_002503545.1, s__Methanomethylophilus sp002503545, 95.0, 83.26, 0.78; GCA_902787415.1, s__Methanomethylophilus sp902787415, 95.0, 80.54, 0.54; GCF_001481295.1, s__Methanomethylophilus sp001481295, 95.0, 80.05, 0.43; GCA_000350305.1, s__Methanomethylophilus sp000350305, 95.0, 80.02, 0.48; GCA_902763685.1, s__Methanomethylophilus sp902763685, 95.0, 79.95, 0.4; GCA_001560915.1, s__Methanomethylophilus sp001560915, 95.0, 79.65, 0.36; GCA_015063225.1, s__Methanomethylophilus sp015063225, 95.0, 79.29, 0.36; GCA_002495325.1, s__Methanomethylophilus sp002495325, 95.0, 77.89, 0.2	97.82	11	N/A	N/A
CNS0178585_18	d__Archaea;p__Thermoplasmatota;c__Thermoplasmata;o__Methanomassiliicoccales;f__Methanomethylophilaceae;g__MX-02;s__MX-02 sp006954405	GCA_006954405.1	95.0	d__Archaea;p__Thermoplasmatota;c__Thermoplasmata;o__Methanomassiliicoccales;f__Methanomethylophilaceae;g__MX-02;s__MX-02 sp006954405	99.06	0.96	GCA_006954405.1	95.0	d__Archaea;p__Thermoplasmatota;c__Thermoplasmata;o__Methanomassiliicoccales;f__Methanomethylophilaceae;g__MX-02;s__MX-02 sp006954405	99.06	0.96	d__Archaea;p__Thermoplasmatota;c__Thermoplasmata;o__Methanomassiliicoccales;f__Methanomethylophilaceae;g__MX-02;s__	taxonomic classification defined by topology and ANI	topological placement and ANI have congruent species assignments	GCA_017455785.1, s__MX-02 sp017455785, 95.0, 78.89, 0.24	98.0	11	N/A	N/A
CNS0178619_44	d__Archaea;p__Thermoplasmatota;c__Thermoplasmata;o__Methanomassiliicoccales;f__Methanomethylophilaceae;g__UBA71;s__	N/A	N/A	N/A	N/A	N/A	GCA_016296195.1	95.0	d__Archaea;p__Thermoplasmatota;c__Thermoplasmata;o__Methanomassiliicoccales;f__Methanomethylophilaceae;g__UBA71;s__UBA71 sp016296195	89.28	0.71	d__Archaea;p__Thermoplasmatota;c__Thermoplasmata;o__Methanomassiliicoccales;f__Methanomethylophilaceae;g__UBA71;s__	taxonomic classification defined by topology and ANI	N/A	GCA_017461225.1, s__UBA71 sp017461225, 95.0, 82.48, 0.68; GCA_017935945.1, s__UBA71 sp017935945, 95.0, 81.24, 0.51; GCA_009911715.1, s__UBA71 sp006954425, 95.0, 81.21, 0.63; GCA_905187815.1, s__UBA71 sp905187815, 95.0, 81.03, 0.61; GCA_017507885.1, s__UBA71 sp017507885, 95.0, 80.93, 0.48; GCA_900767505.1, s__UBA71 sp900767505, 95.0, 80.92, 0.42; GCA_015063135.1, s__UBA71 sp015063135, 95.0, 80.87, 0.56; GCA_015063165.1, s__UBA71 sp015063165, 95.0, 80.64, 0.48; GCA_006954465.1, s__UBA71 sp006954465, 95.0, 80.27, 0.4; GCA_002504405.1, s__UBA71 sp002504405, 95.0, 80.25, 0.54; GCA_015063245.1, s__UBA71 sp015063245, 95.0, 80.14, 0.47; GCA_001563305.1, s__UBA71 sp001563305, 95.0, 80.13, 0.53; GCA_016284295.1, s__UBA71 sp016284295, 95.0, 80.12, 0.49; GCA_015063125.1, s__UBA71 sp015063125, 95.0, 80.08, 0.46; GCA_015063285.1, s__UBA71 sp015063285, 95.0, 79.97, 0.35; GCA_017468935.1, s__UBA71 sp017468935, 95.0, 79.77, 0.41; GCA_002506425.1, s__UBA71 sp002506425, 95.0, 79.76, 0.51; GCA_017519045.1, s__UBA71 sp017519045, 95.0, 79.46, 0.44; GCA_002504495.1, s__UBA71 sp002504495, 95.0, 79.44, 0.4; GCA_017540825.1, s__UBA71 sp017540825, 95.0, 79.42, 0.43; GCA_017616575.1, s__UBA71 sp017616575, 95.0, 79.42, 0.23; GCA_002506175.1, s__UBA71 sp002506175, 95.0, 79.17, 0.3; GCA_017475875.1, s__UBA71 sp017475875, 95.0, 79.06, 0.28; GCA_017524805.1, s__UBA71 sp017524805, 95.0, 78.82, 0.34; GCA_016281925.1, s__UBA71 sp016281925, 95.0, 78.25, 0.28; GCA_015063235.1, s__UBA71 sp015063235, 95.0, 78.19, 0.33; GCA_016282555.1, s__UBA71 sp016282555, 95.0, 78.02, 0.2	76.91	11	0.975171279560574	Genome not assigned to closest species as it falls outside its pre-defined ANI radius
CNS0178689_30	d__Archaea;p__Methanobacteriota;c__Methanobacteria;o__Methanobacteriales;f__Methanobacteriaceae;g__Methanobrevibacter;s__Methanobrevibacter ruminantium_A	GCA_004553595.1	95.0	d__Archaea;p__Methanobacteriota;c__Methanobacteria;o__Methanobacteriales;f__Methanobacteriaceae;g__Methanobrevibacter;s__Methanobrevibacter ruminantium_A	99.17	0.91	GCA_004553595.1	95.0	d__Archaea;p__Methanobacteriota;c__Methanobacteria;o__Methanobacteriales;f__Methanobacteriaceae;g__Methanobrevibacter;s__Methanobrevibacter ruminantium_A	99.17	0.91	d__Archaea;p__Methanobacteriota;c__Methanobacteria;o__Methanobacteriales;f__Methanobacteriaceae;g__Methanobrevibacter;s__	taxonomic classification defined by topology and ANI	topological placement and ANI have congruent species assignments	GCA_016291275.1, s__Methanobrevibacter sp016291275, 95.0, 93.26, 0.9; GCA_902784195.1, s__Methanobrevibacter sp902784195, 95.0, 92.54, 0.85; GCA_015063035.1, s__Methanobrevibacter olleyae_A, 95.0, 91.31, 0.84; GCA_017432245.1, s__Methanobrevibacter sp017432245, 95.0, 90.54, 0.89; GCA_017646885.1, s__Methanobrevibacter sp017646885, 95.0, 90.15, 0.33; GCA_017652345.1, s__Methanobrevibacter sp017652345, 95.0, 89.31, 0.23; GCA_902774685.1, s__Methanobrevibacter sp902774685, 95.0, 86.58, 0.71; GCA_905235495.1, s__Methanobrevibacter sp905235495, 95.0, 86.05, 0.74; GCA_016838945.1, s__Methanobrevibacter sp016838945, 95.0, 85.93, 0.66; GCA_017404125.1, s__Methanobrevibacter sp017404125, 95.0, 85.76, 0.85; GCA_017410345.1, s__Methanobrevibacter sp017410345, 95.0, 85.74, 0.83; GCA_902769175.1, s__Methanobrevibacter sp902769175, 95.0, 83.97, 0.77; GCF_900114585.1, s__Methanobrevibacter olleyae, 95.0, 82.21, 0.7; GCF_000024185.1, s__Methanobrevibacter ruminantium, 95.0, 81.3, 0.62; GCA_900321995.1, s__Methanobrevibacter sp900321995, 95.0, 80.36, 0.57; GCA_900314635.1, s__Methanobrevibacter sp900314635, 95.0, 79.14, 0.35	97.63	11	N/A	N/A
CNS0178748_16	d__Archaea;p__Methanobacteriota;c__Methanobacteria;o__Methanobacteriales;f__Methanobacteriaceae;g__Methanobrevibacter;s__Methanobrevibacter sp900314635	GCA_900314635.1	95.0	d__Archaea;p__Methanobacteriota;c__Methanobacteria;o__Methanobacteriales;f__Methanobacteriaceae;g__Methanobrevibacter;s__Methanobrevibacter sp900314635	96.78	0.91	GCA_900314635.1	95.0	d__Archaea;p__Methanobacteriota;c__Methanobacteria;o__Methanobacteriales;f__Methanobacteriaceae;g__Methanobrevibacter;s__Methanobrevibacter sp900314635	96.78	0.91	d__Archaea;p__Methanobacteriota;c__Methanobacteria;o__Methanobacteriales;f__Methanobacteriaceae;g__Methanobrevibacter;s__	taxonomic classification defined by topology and ANI	topological placement and ANI have congruent species assignments	GCA_902784195.1, s__Methanobrevibacter sp902784195, 95.0, 78.96, 0.33; GCA_016838945.1, s__Methanobrevibacter sp016838945, 95.0, 78.87, 0.27; GCA_017410345.1, s__Methanobrevibacter sp017410345, 95.0, 78.7, 0.33; GCA_017646885.1, s__Methanobrevibacter sp017646885, 95.0, 78.68, 0.14; GCA_004553595.1, s__Methanobrevibacter ruminantium_A, 95.0, 78.64, 0.34; GCA_015063035.1, s__Methanobrevibacter olleyae_A, 95.0, 78.58, 0.31; GCA_905235495.1, s__Methanobrevibacter sp905235495, 95.0, 78.46, 0.33; GCF_000024185.1, s__Methanobrevibacter ruminantium, 95.0, 78.45, 0.33; GCF_900114585.1, s__Methanobrevibacter olleyae, 95.0, 78.16, 0.27; GCA_016291275.1, s__Methanobrevibacter sp016291275, 95.0, 78.12, 0.37; GCA_017432245.1, s__Methanobrevibacter sp017432245, 95.0, 77.87, 0.33; GCA_902774685.1, s__Methanobrevibacter sp902774685, 95.0, 77.84, 0.29; GCA_017652345.1, s__Methanobrevibacter sp017652345, 95.0, 77.64, 0.11; GCA_017404125.1, s__Methanobrevibacter sp017404125, 95.0, 77.54, 0.33; GCA_902769175.1, s__Methanobrevibacter sp902769175, 95.0, 77.5, 0.31; GCA_900321995.1, s__Methanobrevibacter sp900321995, 95.0, 77.27, 0.24	96.4	11	N/A	N/A
CNS0178766_1	d__Archaea;p__Methanobacteriota;c__Methanobacteria;o__Methanobacteriales;f__Methanobacteriaceae;g__Methanobrevibacter_A;s__	N/A	N/A	N/A	N/A	N/A	N/A	N/A	N/A	N/A	N/A	d__Archaea;p__Methanobacteriota;c__Methanobacteria;o__Methanobacteriales;f__Methanobacteriaceae;g__Methanobrevibacter_A;s__	taxonomic classification defined by topology and ANI	N/A	GCA_900769095.1, s__Methanobrevibacter_A sp900769095, 95.0, 82.32, 0.65; GCA_017468685.1, s__Methanobrevibacter_A sp017468685, 95.0, 82.32, 0.63; GCA_015062935.1, s__Methanobrevibacter_A sp015062935, 95.0, 82.32, 0.64; GCA_904501935.1, s__Methanobrevibacter_A sp904501935, 95.0, 82.31, 0.67; GCA_017427765.1, s__Methanobrevibacter_A sp017427765, 95.0, 82.24, 0.66; GCA_902770715.1, s__Methanobrevibacter_A sp902770715, 95.0, 82.24, 0.6; GCF_001548675.1, s__Methanobrevibacter_A sp001548675, 95.0, 82.14, 0.65; GCA_017459665.1, s__Methanobrevibacter_A sp017459665, 95.0, 82.1, 0.61; GCF_003814835.1, s__Methanobrevibacter_A gottschalkii, 95.0, 82.05, 0.65; GCA_017434525.1, s__Methanobrevibacter_A sp017434525, 95.0, 82.04, 0.63; GCA_900314695.1, s__Methanobrevibacter_A sp900314695, 95.0, 81.98, 0.61; GCA_900313645.1, s__Methanobrevibacter_A sp900313645, 95.0, 81.87, 0.61; GCA_900314615.1, s__Methanobrevibacter_A sp900314615, 95.0, 81.85, 0.61; GCA_017940815.1, s__Methanobrevibacter_A sp017940815, 95.0, 81.82, 0.56; GCA_017407115.1, s__Methanobrevibacter_A sp017407115, 95.0, 81.82, 0.55; GCA_902785855.1, s__Methanobrevibacter_A sp902785855, 95.0, 81.8, 0.54; GCA_902764455.1, s__Methanobrevibacter_A sp902764455, 95.0, 81.65, 0.63; GCF_003111625.1, s__Methanobrevibacter_A thaueri, 95.0, 81.64, 0.57; GCA_017539065.1, s__Methanobrevibacter_A sp017539065, 95.0, 81.6, 0.59; GCA_017409525.1, s__Methanobrevibacter_A sp017409525, 95.0, 81.6, 0.57; GCA_900316895.1, s__Methanobrevibacter_A sp900316895, 95.0, 81.52, 0.52; GCA_017431965.1, s__Methanobrevibacter_A sp017431965, 95.0, 81.48, 0.58; GCA_902801725.1, s__Methanobrevibacter_A sp902801725, 95.0, 81.43, 0.55; GCA_017473945.1, s__Methanobrevibacter_A sp017473945, 95.0, 81.42, 0.58; GCA_015062915.1, s__Methanobrevibacter_A thaueri_B, 95.0, 81.37, 0.5; GCA_902788255.1, s__Methanobrevibacter_A sp902788255, 95.0, 81.32, 0.58; GCA_015062985.1, s__Methanobrevibacter_A sp015062985, 95.0, 81.15, 0.54; GCA_900320955.1, s__Methanobrevibacter_A sp900320955, 95.0, 81.03, 0.49; GCA_902789505.1, s__Methanobrevibacter_A sp902789505, 95.0, 81.01, 0.53; GCA_900319985.1, s__Methanobrevibacter_A sp900319985, 95.0, 81.01, 0.56; GCA_902771435.1, s__Methanobrevibacter_A sp902771435, 95.0, 81.0, 0.59; GCA_900318035.1, s__Methanobrevibacter_A sp900318035, 95.0, 80.97, 0.56; GCA_017406825.1, s__Methanobrevibacter_A sp017406825, 95.0, 80.9, 0.56; GCA_015062925.1, s__Methanobrevibacter_A thaueri_C, 95.0, 80.76, 0.5; GCA_900320515.1, s__Methanobrevibacter_A sp900320515, 95.0, 80.73, 0.44; GCA_015062905.1, s__Methanobrevibacter_A thaueri_A, 95.0, 80.73, 0.51; GCA_902774605.1, s__Methanobrevibacter_A sp902774605, 95.0, 80.72, 0.47; GCA_017634055.1, s__Methanobrevibacter_A sp017634055, 95.0, 80.65, 0.52; GCF_001477655.1, s__Methanobrevibacter_A millerae_A, 95.0, 80.48, 0.5; GCA_017447225.1, s__Methanobrevibacter_A sp017447225, 95.0, 80.44, 0.44; GCA_902794475.1, s__Methanobrevibacter_A sp902794475, 95.0, 80.34, 0.46; GCA_902771225.1, s__Methanobrevibacter_A sp900319535, 95.0, 80.32, 0.49; GCA_015063005.1, s__Methanobrevibacter_A millerae_B, 95.0, 80.26, 0.44; GCA_017553445.1, s__Methanobrevibacter_A sp017553445, 95.0, 80.22, 0.43; GCA_017460025.1, s__Methanobrevibacter_A sp017460025, 95.0, 80.04, 0.4; GCA_017434555.1, s__Methanobrevibacter_A sp017434555, 95.0, 80.0, 0.49; GCF_001639275.1, s__Methanobrevibacter_A oralis, 95.0, 79.88, 0.45; GCA_900317865.1, s__Methanobrevibacter_A sp900317865, 95.0, 79.79, 0.44; GCF_000016525.1, s__Methanobrevibacter_A smithii, 95.0, 79.79, 0.45; GCF_002252585.1, s__Methanobrevibacter_A smithii_A, 95.0, 79.71, 0.41; GCA_902782595.1, s__Methanobrevibacter_A sp902782595, 95.0, 79.63, 0.47; GCA_902777885.1, s__Methanobrevibacter_A sp902777885, 95.0, 79.4, 0.39; GCF_900103415.1, s__Methanobrevibacter_A millerae, 95.0, 79.36, 0.34; GCA_902764015.1, s__Methanobrevibacter_A sp902764015, 95.0, 79.31, 0.38; GCF_003111605.1, s__Methanobrevibacter_A woesei, 95.0, 79.26, 0.43; GCA_902772665.1, s__Methanobrevibacter_A sp902772665, 95.0, 79.13, 0.43; GCA_902783085.1, s__Methanobrevibacter_A sp902783085, 95.0, 79.11, 0.49; GCA_002496065.1, s__Methanobrevibacter_A sp002496065, 95.0, 78.63, 0.31; GCA_900766745.1, s__Methanobrevibacter_A sp900766745, 95.0, 78.56, 0.25; GCA_902796575.1, s__Methanobrevibacter_A sp902796575, 95.0, 77.97, 0.29	99.2	11	0.9520623922741862	Genome not assigned to closest species as it falls outside its pre-defined ANI radius
CNS0178857_2	d__Archaea;p__Methanobacteriota;c__Methanobacteria;o__Methanobacteriales;f__Methanobacteriaceae;g__Methanobrevibacter_A;s__	N/A	N/A	N/A	N/A	N/A	GCF_003814835.1	95.0	d__Archaea;p__Methanobacteriota;c__Methanobacteria;o__Methanobacteriales;f__Methanobacteriaceae;g__Methanobrevibacter_A;s__Methanobrevibacter_A gottschalkii	86.68	0.81	d__Archaea;p__Methanobacteriota;c__Methanobacteria;o__Methanobacteriales;f__Methanobacteriaceae;g__Methanobrevibacter_A;s__	taxonomic classification defined by topology and ANI	N/A	GCA_900769095.1, s__Methanobrevibacter_A sp900769095, 95.0, 84.5, 0.69; GCA_902770715.1, s__Methanobrevibacter_A sp902770715, 95.0, 81.59, 0.59; GCA_904501935.1, s__Methanobrevibacter_A sp904501935, 95.0, 81.47, 0.62; GCA_902785855.1, s__Methanobrevibacter_A sp902785855, 95.0, 81.36, 0.6; GCF_001548675.1, s__Methanobrevibacter_A sp001548675, 95.0, 81.26, 0.63; GCA_900314695.1, s__Methanobrevibacter_A sp900314695, 95.0, 81.02, 0.59; GCA_017407115.1, s__Methanobrevibacter_A sp017407115, 95.0, 80.82, 0.46; GCA_015062935.1, s__Methanobrevibacter_A sp015062935, 95.0, 80.78, 0.58; GCA_017539065.1, s__Methanobrevibacter_A sp017539065, 95.0, 80.66, 0.58; GCA_017468685.1, s__Methanobrevibacter_A sp017468685, 95.0, 80.62, 0.58; GCA_017427765.1, s__Methanobrevibacter_A sp017427765, 95.0, 80.61, 0.59; GCA_017434525.1, s__Methanobrevibacter_A sp017434525, 95.0, 80.49, 0.57; GCA_902764455.1, s__Methanobrevibacter_A sp902764455, 95.0, 80.47, 0.62; GCA_017431965.1, s__Methanobrevibacter_A sp017431965, 95.0, 80.42, 0.54; GCA_015062985.1, s__Methanobrevibacter_A sp015062985, 95.0, 80.36, 0.55; GCA_017459665.1, s__Methanobrevibacter_A sp017459665, 95.0, 80.25, 0.48; GCA_015062925.1, s__Methanobrevibacter_A thaueri_C, 95.0, 80.24, 0.51; GCA_900313645.1, s__Methanobrevibacter_A sp900313645, 95.0, 80.23, 0.5; GCA_017409525.1, s__Methanobrevibacter_A sp017409525, 95.0, 80.2, 0.52; GCA_900314615.1, s__Methanobrevibacter_A sp900314615, 95.0, 80.2, 0.57; GCA_900319985.1, s__Methanobrevibacter_A sp900319985, 95.0, 80.18, 0.56; GCA_017473945.1, s__Methanobrevibacter_A sp017473945, 95.0, 80.15, 0.53; GCA_902801725.1, s__Methanobrevibacter_A sp902801725, 95.0, 80.15, 0.51; GCA_900320955.1, s__Methanobrevibacter_A sp900320955, 95.0, 80.13, 0.46; GCA_902771435.1, s__Methanobrevibacter_A sp902771435, 95.0, 80.09, 0.52; GCA_017940815.1, s__Methanobrevibacter_A sp017940815, 95.0, 80.08, 0.53; GCA_900318035.1, s__Methanobrevibacter_A sp900318035, 95.0, 80.07, 0.52; GCA_900316895.1, s__Methanobrevibacter_A sp900316895, 95.0, 79.99, 0.42; GCA_902789505.1, s__Methanobrevibacter_A sp902789505, 95.0, 79.86, 0.47; GCA_015062915.1, s__Methanobrevibacter_A thaueri_B, 95.0, 79.86, 0.45; GCA_902771225.1, s__Methanobrevibacter_A sp900319535, 95.0, 79.84, 0.52; GCF_003111625.1, s__Methanobrevibacter_A thaueri, 95.0, 79.82, 0.46; GCF_001639275.1, s__Methanobrevibacter_A oralis, 95.0, 79.81, 0.54; GCA_902788255.1, s__Methanobrevibacter_A sp902788255, 95.0, 79.74, 0.48; GCF_001477655.1, s__Methanobrevibacter_A millerae_A, 95.0, 79.68, 0.48; GCA_015062905.1, s__Methanobrevibacter_A thaueri_A, 95.0, 79.61, 0.43; GCF_000016525.1, s__Methanobrevibacter_A smithii, 95.0, 79.48, 0.47; GCA_017634055.1, s__Methanobrevibacter_A sp017634055, 95.0, 79.46, 0.46; GCA_017406825.1, s__Methanobrevibacter_A sp017406825, 95.0, 79.42, 0.44; GCF_002252585.1, s__Methanobrevibacter_A smithii_A, 95.0, 79.37, 0.49; GCA_900317865.1, s__Methanobrevibacter_A sp900317865, 95.0, 79.36, 0.45; GCA_900320515.1, s__Methanobrevibacter_A sp900320515, 95.0, 79.33, 0.39; GCA_015063005.1, s__Methanobrevibacter_A millerae_B, 95.0, 79.28, 0.44; GCA_017447225.1, s__Methanobrevibacter_A sp017447225, 95.0, 79.21, 0.4; GCA_902783085.1, s__Methanobrevibacter_A sp902783085, 95.0, 79.16, 0.5; GCA_017460025.1, s__Methanobrevibacter_A sp017460025, 95.0, 79.16, 0.35; GCA_902794475.1, s__Methanobrevibacter_A sp902794475, 95.0, 79.14, 0.41; GCA_017553445.1, s__Methanobrevibacter_A sp017553445, 95.0, 79.13, 0.38; GCA_902777885.1, s__Methanobrevibacter_A sp902777885, 95.0, 79.04, 0.35; GCA_902774605.1, s__Methanobrevibacter_A sp902774605, 95.0, 78.99, 0.37; GCF_003111605.1, s__Methanobrevibacter_A woesei, 95.0, 78.95, 0.43; GCA_017434555.1, s__Methanobrevibacter_A sp017434555, 95.0, 78.93, 0.48; GCA_900766745.1, s__Methanobrevibacter_A sp900766745, 95.0, 78.4, 0.31; GCA_002496065.1, s__Methanobrevibacter_A sp002496065, 95.0, 78.23, 0.26; GCA_902782595.1, s__Methanobrevibacter_A sp902782595, 95.0, 78.23, 0.42; GCA_902764015.1, s__Methanobrevibacter_A sp902764015, 95.0, 78.2, 0.3; GCF_900103415.1, s__Methanobrevibacter_A millerae, 95.0, 78.2, 0.26; GCA_902772665.1, s__Methanobrevibacter_A sp902772665, 95.0, 78.12, 0.42; GCA_902796575.1, s__Methanobrevibacter_A sp902796575, 95.0, 77.94, 0.3	80.45	11	0.989711107942012	Genome not assigned to closest species as it falls outside its pre-defined ANI radius
CNS0178876_12	d__Archaea;p__Methanobacteriota;c__Methanobacteria;o__Methanobacteriales;f__Methanobacteriaceae;g__Methanobrevibacter_A;s__	N/A	N/A	N/A	N/A	N/A	N/A	N/A	N/A	N/A	N/A	d__Archaea;p__Methanobacteriota;c__Methanobacteria;o__Methanobacteriales;f__Methanobacteriaceae;g__Methanobrevibacter_A;s__	taxonomic classification defined by topology and ANI	N/A	GCA_900766745.1, s__Methanobrevibacter_A sp900766745, 95.0, 79.91, 0.42; GCF_003111605.1, s__Methanobrevibacter_A woesei, 95.0, 79.9, 0.51; GCF_002252585.1, s__Methanobrevibacter_A smithii_A, 95.0, 79.28, 0.48; GCF_000016525.1, s__Methanobrevibacter_A smithii, 95.0, 79.06, 0.46; GCF_001548675.1, s__Methanobrevibacter_A sp001548675, 95.0, 78.97, 0.25; GCA_002496065.1, s__Methanobrevibacter_A sp002496065, 95.0, 78.87, 0.41; GCF_003111625.1, s__Methanobrevibacter_A thaueri, 95.0, 78.84, 0.2; GCA_017407115.1, s__Methanobrevibacter_A sp017407115, 95.0, 78.83, 0.22; GCA_015063005.1, s__Methanobrevibacter_A millerae_B, 95.0, 78.77, 0.25; GCA_900314695.1, s__Methanobrevibacter_A sp900314695, 95.0, 78.73, 0.3; GCF_001639275.1, s__Methanobrevibacter_A oralis, 95.0, 78.71, 0.42; GCA_900769095.1, s__Methanobrevibacter_A sp900769095, 95.0, 78.71, 0.34; GCA_902774605.1, s__Methanobrevibacter_A sp902774605, 95.0, 78.7, 0.15; GCA_017473945.1, s__Methanobrevibacter_A sp017473945, 95.0, 78.66, 0.23; GCA_017409525.1, s__Methanobrevibacter_A sp017409525, 95.0, 78.65, 0.24; GCA_017427765.1, s__Methanobrevibacter_A sp017427765, 95.0, 78.64, 0.3; GCA_902785855.1, s__Methanobrevibacter_A sp902785855, 95.0, 78.56, 0.37; GCA_902771225.1, s__Methanobrevibacter_A sp900319535, 95.0, 78.55, 0.35; GCA_902788255.1, s__Methanobrevibacter_A sp902788255, 95.0, 78.48, 0.2; GCF_003814835.1, s__Methanobrevibacter_A gottschalkii, 95.0, 78.48, 0.37; GCA_017434525.1, s__Methanobrevibacter_A sp017434525, 95.0, 78.48, 0.25; GCA_015062935.1, s__Methanobrevibacter_A sp015062935, 95.0, 78.42, 0.3; GCF_001477655.1, s__Methanobrevibacter_A millerae_A, 95.0, 78.29, 0.33; GCA_015062915.1, s__Methanobrevibacter_A thaueri_B, 95.0, 78.28, 0.18; GCA_017468685.1, s__Methanobrevibacter_A sp017468685, 95.0, 78.25, 0.25; GCA_017539065.1, s__Methanobrevibacter_A sp017539065, 95.0, 78.2, 0.27; GCA_017940815.1, s__Methanobrevibacter_A sp017940815, 95.0, 78.19, 0.21; GCA_017447225.1, s__Methanobrevibacter_A sp017447225, 95.0, 78.18, 0.25; GCA_900314615.1, s__Methanobrevibacter_A sp900314615, 95.0, 78.13, 0.27; GCA_017406825.1, s__Methanobrevibacter_A sp017406825, 95.0, 78.12, 0.16; GCA_902770715.1, s__Methanobrevibacter_A sp902770715, 95.0, 78.08, 0.23; GCA_902777885.1, s__Methanobrevibacter_A sp902777885, 95.0, 78.07, 0.21; GCA_900316895.1, s__Methanobrevibacter_A sp900316895, 95.0, 78.06, 0.18; GCA_900317865.1, s__Methanobrevibacter_A sp900317865, 95.0, 78.06, 0.3; GCA_900320515.1, s__Methanobrevibacter_A sp900320515, 95.0, 78.05, 0.16; GCA_017431965.1, s__Methanobrevibacter_A sp017431965, 95.0, 78.05, 0.26; GCA_017434555.1, s__Methanobrevibacter_A sp017434555, 95.0, 78.04, 0.3; GCA_017553445.1, s__Methanobrevibacter_A sp017553445, 95.0, 78.03, 0.28; GCA_902801725.1, s__Methanobrevibacter_A sp902801725, 95.0, 78.03, 0.23; GCA_900320955.1, s__Methanobrevibacter_A sp900320955, 95.0, 77.99, 0.19; GCA_017459665.1, s__Methanobrevibacter_A sp017459665, 95.0, 77.99, 0.19; GCA_015062905.1, s__Methanobrevibacter_A thaueri_A, 95.0, 77.98, 0.16; GCA_902771435.1, s__Methanobrevibacter_A sp902771435, 95.0, 77.94, 0.21; GCF_900103415.1, s__Methanobrevibacter_A millerae, 95.0, 77.94, 0.17; GCA_017460025.1, s__Methanobrevibacter_A sp017460025, 95.0, 77.92, 0.22; GCA_902764455.1, s__Methanobrevibacter_A sp902764455, 95.0, 77.87, 0.3; GCA_900313645.1, s__Methanobrevibacter_A sp900313645, 95.0, 77.77, 0.25; GCA_900319985.1, s__Methanobrevibacter_A sp900319985, 95.0, 77.76, 0.22; GCA_902794475.1, s__Methanobrevibacter_A sp902794475, 95.0, 77.68, 0.14; GCA_900318035.1, s__Methanobrevibacter_A sp900318035, 95.0, 77.68, 0.21; GCA_902789505.1, s__Methanobrevibacter_A sp902789505, 95.0, 77.63, 0.22; GCA_902783085.1, s__Methanobrevibacter_A sp902783085, 95.0, 77.58, 0.34; GCA_015062925.1, s__Methanobrevibacter_A thaueri_C, 95.0, 77.55, 0.28; GCA_904501935.1, s__Methanobrevibacter_A sp904501935, 95.0, 77.52, 0.29; GCA_015062985.1, s__Methanobrevibacter_A sp015062985, 95.0, 77.24, 0.2; GCA_902796575.1, s__Methanobrevibacter_A sp902796575, 95.0, 77.18, 0.2; GCA_017634055.1, s__Methanobrevibacter_A sp017634055, 95.0, 76.94, 0.17; GCA_902764015.1, s__Methanobrevibacter_A sp902764015, 95.0, 76.72, 0.1; GCA_902782595.1, s__Methanobrevibacter_A sp902782595, 95.0, 76.52, 0.13; GCA_902772665.1, s__Methanobrevibacter_A sp902772665, 95.0, 76.32, 0.13	98.76	11	0.9131268229353201	Genome not assigned to closest species as it falls outside its pre-defined ANI radius
CNS0178911_16	d__Archaea;p__Methanobacteriota;c__Methanobacteria;o__Methanobacteriales;f__Methanobacteriaceae;g__Methanobrevibacter_A;s__	N/A	N/A	N/A	N/A	N/A	N/A	N/A	N/A	N/A	N/A	d__Archaea;p__Methanobacteriota;c__Methanobacteria;o__Methanobacteriales;f__Methanobacteriaceae;g__Methanobrevibacter_A;s__	taxonomic classification defined by topology and ANI	N/A	GCF_003814835.1, s__Methanobrevibacter_A gottschalkii, 95.0, 82.65, 0.81; GCA_900769095.1, s__Methanobrevibacter_A sp900769095, 95.0, 82.11, 0.54; GCA_902770715.1, s__Methanobrevibacter_A sp902770715, 95.0, 81.39, 0.64; GCF_001548675.1, s__Methanobrevibacter_A sp001548675, 95.0, 81.28, 0.68; GCA_904501935.1, s__Methanobrevibacter_A sp904501935, 95.0, 81.01, 0.56; GCA_900314695.1, s__Methanobrevibacter_A sp900314695, 95.0, 80.54, 0.6; GCA_017427765.1, s__Methanobrevibacter_A sp017427765, 95.0, 80.5, 0.66; GCA_017434525.1, s__Methanobrevibacter_A sp017434525, 95.0, 80.38, 0.6; GCA_017409525.1, s__Methanobrevibacter_A sp017409525, 95.0, 80.34, 0.55; GCA_902785855.1, s__Methanobrevibacter_A sp902785855, 95.0, 80.32, 0.6; GCA_017468685.1, s__Methanobrevibacter_A sp017468685, 95.0, 80.31, 0.59; GCA_015062985.1, s__Methanobrevibacter_A sp015062985, 95.0, 80.31, 0.62; GCA_902764455.1, s__Methanobrevibacter_A sp902764455, 95.0, 80.27, 0.63; GCA_017539065.1, s__Methanobrevibacter_A sp017539065, 95.0, 80.23, 0.64; GCA_017407115.1, s__Methanobrevibacter_A sp017407115, 95.0, 80.19, 0.56; GCA_015062935.1, s__Methanobrevibacter_A sp015062935, 95.0, 80.19, 0.6; GCA_900314615.1, s__Methanobrevibacter_A sp900314615, 95.0, 80.15, 0.62; GCA_017459665.1, s__Methanobrevibacter_A sp017459665, 95.0, 80.14, 0.51; GCA_900313645.1, s__Methanobrevibacter_A sp900313645, 95.0, 80.08, 0.47; GCA_017431965.1, s__Methanobrevibacter_A sp017431965, 95.0, 80.05, 0.62; GCA_902801725.1, s__Methanobrevibacter_A sp902801725, 95.0, 79.99, 0.56; GCA_900318035.1, s__Methanobrevibacter_A sp900318035, 95.0, 79.95, 0.54; GCA_017473945.1, s__Methanobrevibacter_A sp017473945, 95.0, 79.93, 0.56; GCA_900319985.1, s__Methanobrevibacter_A sp900319985, 95.0, 79.93, 0.58; GCA_902771435.1, s__Methanobrevibacter_A sp902771435, 95.0, 79.92, 0.6; GCA_017634055.1, s__Methanobrevibacter_A sp017634055, 95.0, 79.81, 0.5; GCA_017940815.1, s__Methanobrevibacter_A sp017940815, 95.0, 79.81, 0.53; GCA_900316895.1, s__Methanobrevibacter_A sp900316895, 95.0, 79.76, 0.5; GCA_902789505.1, s__Methanobrevibacter_A sp902789505, 95.0, 79.7, 0.53; GCA_015062905.1, s__Methanobrevibacter_A thaueri_A, 95.0, 79.66, 0.49; GCA_900320955.1, s__Methanobrevibacter_A sp900320955, 95.0, 79.62, 0.51; GCA_902788255.1, s__Methanobrevibacter_A sp902788255, 95.0, 79.58, 0.52; GCF_003111625.1, s__Methanobrevibacter_A thaueri, 95.0, 79.55, 0.51; GCA_902771225.1, s__Methanobrevibacter_A sp900319535, 95.0, 79.53, 0.49; GCA_900320515.1, s__Methanobrevibacter_A sp900320515, 95.0, 79.43, 0.43; GCA_015062925.1, s__Methanobrevibacter_A thaueri_C, 95.0, 79.42, 0.5; GCA_017406825.1, s__Methanobrevibacter_A sp017406825, 95.0, 79.41, 0.53; GCA_017434555.1, s__Methanobrevibacter_A sp017434555, 95.0, 79.38, 0.49; GCA_015062915.1, s__Methanobrevibacter_A thaueri_B, 95.0, 79.37, 0.51; GCF_001477655.1, s__Methanobrevibacter_A millerae_A, 95.0, 79.25, 0.51; GCA_902774605.1, s__Methanobrevibacter_A sp902774605, 95.0, 79.25, 0.43; GCA_015063005.1, s__Methanobrevibacter_A millerae_B, 95.0, 79.25, 0.46; GCA_017553445.1, s__Methanobrevibacter_A sp017553445, 95.0, 79.14, 0.38; GCA_902782595.1, s__Methanobrevibacter_A sp902782595, 95.0, 79.08, 0.41; GCA_900317865.1, s__Methanobrevibacter_A sp900317865, 95.0, 79.02, 0.47; GCF_000016525.1, s__Methanobrevibacter_A smithii, 95.0, 78.97, 0.45; GCA_902794475.1, s__Methanobrevibacter_A sp902794475, 95.0, 78.91, 0.46; GCA_017460025.1, s__Methanobrevibacter_A sp017460025, 95.0, 78.86, 0.34; GCF_002252585.1, s__Methanobrevibacter_A smithii_A, 95.0, 78.85, 0.46; GCA_902777885.1, s__Methanobrevibacter_A sp902777885, 95.0, 78.84, 0.31; GCF_001639275.1, s__Methanobrevibacter_A oralis, 95.0, 78.7, 0.51; GCA_902783085.1, s__Methanobrevibacter_A sp902783085, 95.0, 78.63, 0.38; GCA_017447225.1, s__Methanobrevibacter_A sp017447225, 95.0, 78.6, 0.41; GCA_902772665.1, s__Methanobrevibacter_A sp902772665, 95.0, 78.34, 0.44; GCA_902764015.1, s__Methanobrevibacter_A sp902764015, 95.0, 78.3, 0.33; GCF_900103415.1, s__Methanobrevibacter_A millerae, 95.0, 78.05, 0.32; GCF_003111605.1, s__Methanobrevibacter_A woesei, 95.0, 78.02, 0.38; GCA_900766745.1, s__Methanobrevibacter_A sp900766745, 95.0, 77.95, 0.26; GCA_002496065.1, s__Methanobrevibacter_A sp002496065, 95.0, 77.88, 0.19; GCA_902796575.1, s__Methanobrevibacter_A sp902796575, 95.0, 77.79, 0.32	59.49	11	0.9769934159578717	Genome not assigned to closest species as it falls outside its pre-defined ANI radius
CNS0178933_9	d__Archaea;p__Methanobacteriota;c__Methanobacteria;o__Methanobacteriales;f__Methanobacteriaceae;g__Methanobrevibacter_A;s__Methanobrevibacter_A smithii	GCF_000016525.1	95.0	d__Archaea;p__Methanobacteriota;c__Methanobacteria;o__Methanobacteriales;f__Methanobacteriaceae;g__Methanobrevibacter_A;s__Methanobrevibacter_A smithii	98.77	0.86	GCF_000016525.1	95.0	d__Archaea;p__Methanobacteriota;c__Methanobacteria;o__Methanobacteriales;f__Methanobacteriaceae;g__Methanobrevibacter_A;s__Methanobrevibacter_A smithii	98.77	0.86	d__Archaea;p__Methanobacteriota;c__Methanobacteria;o__Methanobacteriales;f__Methanobacteriaceae;g__Methanobrevibacter_A;s__	taxonomic classification defined by topology and ANI	topological placement and ANI have congruent species assignments	GCF_002252585.1, s__Methanobrevibacter_A smithii_A, 95.0, 93.14, 0.81; GCF_003111605.1, s__Methanobrevibacter_A woesei, 95.0, 80.39, 0.54; GCA_900769095.1, s__Methanobrevibacter_A sp900769095, 95.0, 79.89, 0.47; GCA_902785855.1, s__Methanobrevibacter_A sp902785855, 95.0, 79.66, 0.39; GCA_900314695.1, s__Methanobrevibacter_A sp900314695, 95.0, 79.52, 0.34; GCF_003814835.1, s__Methanobrevibacter_A gottschalkii, 95.0, 79.5, 0.42; GCF_003111625.1, s__Methanobrevibacter_A thaueri, 95.0, 79.49, 0.23; GCA_017427765.1, s__Methanobrevibacter_A sp017427765, 95.0, 79.49, 0.36; GCA_902771225.1, s__Methanobrevibacter_A sp900319535, 95.0, 79.46, 0.39; GCA_015063005.1, s__Methanobrevibacter_A millerae_B, 95.0, 79.46, 0.32; GCF_001639275.1, s__Methanobrevibacter_A oralis, 95.0, 79.45, 0.44; GCF_001477655.1, s__Methanobrevibacter_A millerae_A, 95.0, 79.44, 0.4; GCF_001548675.1, s__Methanobrevibacter_A sp001548675, 95.0, 79.4, 0.33; GCA_015062915.1, s__Methanobrevibacter_A thaueri_B, 95.0, 79.31, 0.23; GCA_017409525.1, s__Methanobrevibacter_A sp017409525, 95.0, 79.31, 0.31; GCA_017447225.1, s__Methanobrevibacter_A sp017447225, 95.0, 79.24, 0.31; GCA_902774605.1, s__Methanobrevibacter_A sp902774605, 95.0, 79.22, 0.19; GCA_017434525.1, s__Methanobrevibacter_A sp017434525, 95.0, 79.2, 0.32; GCA_902777885.1, s__Methanobrevibacter_A sp902777885, 95.0, 79.18, 0.34; GCA_900317865.1, s__Methanobrevibacter_A sp900317865, 95.0, 79.17, 0.35; GCA_015062935.1, s__Methanobrevibacter_A sp015062935, 95.0, 79.16, 0.34; GCA_017434555.1, s__Methanobrevibacter_A sp017434555, 95.0, 79.14, 0.39; GCA_902801725.1, s__Methanobrevibacter_A sp902801725, 95.0, 79.13, 0.32; GCA_017460025.1, s__Methanobrevibacter_A sp017460025, 95.0, 79.12, 0.29; GCA_017940815.1, s__Methanobrevibacter_A sp017940815, 95.0, 79.08, 0.28; GCA_902764455.1, s__Methanobrevibacter_A sp902764455, 95.0, 79.08, 0.33; GCA_017553445.1, s__Methanobrevibacter_A sp017553445, 95.0, 79.07, 0.33; GCA_900316895.1, s__Methanobrevibacter_A sp900316895, 95.0, 79.05, 0.26; GCA_017407115.1, s__Methanobrevibacter_A sp017407115, 95.0, 79.04, 0.31; GCA_900314615.1, s__Methanobrevibacter_A sp900314615, 95.0, 79.03, 0.32; GCA_017431965.1, s__Methanobrevibacter_A sp017431965, 95.0, 79.02, 0.35; GCA_902788255.1, s__Methanobrevibacter_A sp902788255, 95.0, 79.01, 0.26; GCA_900766745.1, s__Methanobrevibacter_A sp900766745, 95.0, 79.0, 0.29; GCA_017473945.1, s__Methanobrevibacter_A sp017473945, 95.0, 78.99, 0.3; GCF_900103415.1, s__Methanobrevibacter_A millerae, 95.0, 78.96, 0.2; GCA_900320515.1, s__Methanobrevibacter_A sp900320515, 95.0, 78.91, 0.19; GCA_017468685.1, s__Methanobrevibacter_A sp017468685, 95.0, 78.9, 0.31; GCA_017406825.1, s__Methanobrevibacter_A sp017406825, 95.0, 78.88, 0.27; GCA_904501935.1, s__Methanobrevibacter_A sp904501935, 95.0, 78.81, 0.4; GCA_902789505.1, s__Methanobrevibacter_A sp902789505, 95.0, 78.81, 0.29; GCA_017459665.1, s__Methanobrevibacter_A sp017459665, 95.0, 78.78, 0.3; GCA_900318035.1, s__Methanobrevibacter_A sp900318035, 95.0, 78.77, 0.29; GCA_017539065.1, s__Methanobrevibacter_A sp017539065, 95.0, 78.76, 0.34; GCA_900319985.1, s__Methanobrevibacter_A sp900319985, 95.0, 78.74, 0.32; GCA_002496065.1, s__Methanobrevibacter_A sp002496065, 95.0, 78.67, 0.38; GCA_900320955.1, s__Methanobrevibacter_A sp900320955, 95.0, 78.65, 0.28; GCA_015062905.1, s__Methanobrevibacter_A thaueri_A, 95.0, 78.64, 0.24; GCA_902770715.1, s__Methanobrevibacter_A sp902770715, 95.0, 78.62, 0.3; GCA_900313645.1, s__Methanobrevibacter_A sp900313645, 95.0, 78.61, 0.37; GCA_015062925.1, s__Methanobrevibacter_A thaueri_C, 95.0, 78.6, 0.29; GCA_902771435.1, s__Methanobrevibacter_A sp902771435, 95.0, 78.5, 0.28; GCA_902783085.1, s__Methanobrevibacter_A sp902783085, 95.0, 78.47, 0.48; GCA_015062985.1, s__Methanobrevibacter_A sp015062985, 95.0, 78.22, 0.28; GCA_017634055.1, s__Methanobrevibacter_A sp017634055, 95.0, 78.02, 0.26; GCA_902794475.1, s__Methanobrevibacter_A sp902794475, 95.0, 77.9, 0.2; GCA_902796575.1, s__Methanobrevibacter_A sp902796575, 95.0, 77.78, 0.3; GCA_902764015.1, s__Methanobrevibacter_A sp902764015, 95.0, 77.53, 0.13; GCA_902782595.1, s__Methanobrevibacter_A sp902782595, 95.0, 77.15, 0.22; GCA_902772665.1, s__Methanobrevibacter_A sp902772665, 95.0, 77.06, 0.19	97.95	11	N/A	N/A
CNS0178936_5	d__Archaea;p__Methanobacteriota;c__Methanobacteria;o__Methanobacteriales;f__Methanobacteriaceae;g__Methanobrevibacter_A;s__Methanobrevibacter_A sp900769095	GCA_900769095.1	95.0	d__Archaea;p__Methanobacteriota;c__Methanobacteria;o__Methanobacteriales;f__Methanobacteriaceae;g__Methanobrevibacter_A;s__Methanobrevibacter_A sp900769095	99.3	0.85	GCA_900769095.1	95.0	d__Archaea;p__Methanobacteriota;c__Methanobacteria;o__Methanobacteriales;f__Methanobacteriaceae;g__Methanobrevibacter_A;s__Methanobrevibacter_A sp900769095	99.3	0.85	d__Archaea;p__Methanobacteriota;c__Methanobacteria;o__Methanobacteriales;f__Methanobacteriaceae;g__Methanobrevibacter_A;s__	taxonomic classification defined by topology and ANI	topological placement and ANI have congruent species assignments	GCF_003814835.1, s__Methanobrevibacter_A gottschalkii, 95.0, 84.45, 0.78; GCF_001548675.1, s__Methanobrevibacter_A sp001548675, 95.0, 81.72, 0.66; GCA_902770715.1, s__Methanobrevibacter_A sp902770715, 95.0, 81.68, 0.59; GCA_902785855.1, s__Methanobrevibacter_A sp902785855, 95.0, 81.46, 0.58; GCA_904501935.1, s__Methanobrevibacter_A sp904501935, 95.0, 81.42, 0.58; GCA_900314695.1, s__Methanobrevibacter_A sp900314695, 95.0, 81.34, 0.61; GCA_017940815.1, s__Methanobrevibacter_A sp017940815, 95.0, 81.02, 0.53; GCA_015062935.1, s__Methanobrevibacter_A sp015062935, 95.0, 81.02, 0.6; GCA_017427765.1, s__Methanobrevibacter_A sp017427765, 95.0, 81.01, 0.62; GCA_902764455.1, s__Methanobrevibacter_A sp902764455, 95.0, 81.01, 0.62; GCA_017407115.1, s__Methanobrevibacter_A sp017407115, 95.0, 80.91, 0.53; GCA_900314615.1, s__Methanobrevibacter_A sp900314615, 95.0, 80.86, 0.58; GCA_017468685.1, s__Methanobrevibacter_A sp017468685, 95.0, 80.79, 0.57; GCA_017539065.1, s__Methanobrevibacter_A sp017539065, 95.0, 80.78, 0.56; GCF_003111625.1, s__Methanobrevibacter_A thaueri, 95.0, 80.72, 0.47; GCA_017434525.1, s__Methanobrevibacter_A sp017434525, 95.0, 80.72, 0.58; GCA_017459665.1, s__Methanobrevibacter_A sp017459665, 95.0, 80.7, 0.48; GCA_017473945.1, s__Methanobrevibacter_A sp017473945, 95.0, 80.64, 0.51; GCA_900313645.1, s__Methanobrevibacter_A sp900313645, 95.0, 80.57, 0.54; GCA_017409525.1, s__Methanobrevibacter_A sp017409525, 95.0, 80.57, 0.53; GCA_902788255.1, s__Methanobrevibacter_A sp902788255, 95.0, 80.52, 0.53; GCA_015062915.1, s__Methanobrevibacter_A thaueri_B, 95.0, 80.51, 0.46; GCA_900319985.1, s__Methanobrevibacter_A sp900319985, 95.0, 80.47, 0.51; GCA_015062985.1, s__Methanobrevibacter_A sp015062985, 95.0, 80.46, 0.53; GCA_902774605.1, s__Methanobrevibacter_A sp902774605, 95.0, 80.42, 0.37; GCA_900318035.1, s__Methanobrevibacter_A sp900318035, 95.0, 80.41, 0.49; GCA_902801725.1, s__Methanobrevibacter_A sp902801725, 95.0, 80.4, 0.55; GCA_900316895.1, s__Methanobrevibacter_A sp900316895, 95.0, 80.35, 0.46; GCA_902771435.1, s__Methanobrevibacter_A sp902771435, 95.0, 80.35, 0.53; GCA_900320955.1, s__Methanobrevibacter_A sp900320955, 95.0, 80.35, 0.48; GCA_017431965.1, s__Methanobrevibacter_A sp017431965, 95.0, 80.19, 0.54; GCA_017460025.1, s__Methanobrevibacter_A sp017460025, 95.0, 80.15, 0.35; GCA_015062925.1, s__Methanobrevibacter_A thaueri_C, 95.0, 80.14, 0.5; GCA_015063005.1, s__Methanobrevibacter_A millerae_B, 95.0, 80.02, 0.43; GCF_001477655.1, s__Methanobrevibacter_A millerae_A, 95.0, 80.01, 0.52; GCA_902771225.1, s__Methanobrevibacter_A sp900319535, 95.0, 80.0, 0.53; GCA_900320515.1, s__Methanobrevibacter_A sp900320515, 95.0, 79.91, 0.4; GCA_015062905.1, s__Methanobrevibacter_A thaueri_A, 95.0, 79.9, 0.46; GCA_017634055.1, s__Methanobrevibacter_A sp017634055, 95.0, 79.89, 0.44; GCA_902789505.1, s__Methanobrevibacter_A sp902789505, 95.0, 79.87, 0.46; GCA_017434555.1, s__Methanobrevibacter_A sp017434555, 95.0, 79.82, 0.51; GCA_017447225.1, s__Methanobrevibacter_A sp017447225, 95.0, 79.8, 0.42; GCA_017553445.1, s__Methanobrevibacter_A sp017553445, 95.0, 79.77, 0.42; GCF_001639275.1, s__Methanobrevibacter_A oralis, 95.0, 79.77, 0.52; GCA_017406825.1, s__Methanobrevibacter_A sp017406825, 95.0, 79.75, 0.46; GCA_900317865.1, s__Methanobrevibacter_A sp900317865, 95.0, 79.73, 0.46; GCF_002252585.1, s__Methanobrevibacter_A smithii_A, 95.0, 79.5, 0.48; GCF_003111605.1, s__Methanobrevibacter_A woesei, 95.0, 79.44, 0.45; GCF_000016525.1, s__Methanobrevibacter_A smithii, 95.0, 79.43, 0.51; GCA_902794475.1, s__Methanobrevibacter_A sp902794475, 95.0, 79.27, 0.42; GCF_900103415.1, s__Methanobrevibacter_A millerae, 95.0, 79.24, 0.32; GCA_902777885.1, s__Methanobrevibacter_A sp902777885, 95.0, 79.12, 0.37; GCA_902783085.1, s__Methanobrevibacter_A sp902783085, 95.0, 78.98, 0.5; GCA_900766745.1, s__Methanobrevibacter_A sp900766745, 95.0, 78.83, 0.3; GCA_002496065.1, s__Methanobrevibacter_A sp002496065, 95.0, 78.52, 0.31; GCA_902782595.1, s__Methanobrevibacter_A sp902782595, 95.0, 78.45, 0.4; GCA_902764015.1, s__Methanobrevibacter_A sp902764015, 95.0, 78.34, 0.29; GCA_902772665.1, s__Methanobrevibacter_A sp902772665, 95.0, 78.19, 0.37; GCA_902796575.1, s__Methanobrevibacter_A sp902796575, 95.0, 77.63, 0.32	99.11	11	N/A	N/A
CNS0198212_670	d__Archaea;p__Methanobacteriota;c__Methanobacteria;o__Methanobacteriales;f__Methanobacteriaceae;g__Methanosphaera;s__	N/A	N/A	N/A	N/A	N/A	GCF_003149675.1	95.0	d__Archaea;p__Methanobacteriota;c__Methanobacteria;o__Methanobacteriales;f__Methanobacteriaceae;g__Methanosphaera;s__Methanosphaera cuniculi	81.71	0.66	d__Archaea;p__Methanobacteriota;c__Methanobacteria;o__Methanobacteriales;f__Methanobacteriaceae;g__Methanosphaera;s__	taxonomic classification defined by topology and ANI	N/A	GCF_000012545.1, s__Methanosphaera stadtmanae, 95.0, 79.68, 0.53; GCF_001729965.1, s__Methanosphaera sp001729965, 95.0, 79.43, 0.48; GCA_016282985.1, s__Methanosphaera sp016282985, 95.0, 79.1, 0.3; GCA_902782945.1, s__Methanosphaera sp900322125, 95.0, 79.08, 0.4; GCA_013330915.1, s__Methanosphaera sp11921u, 95.0, 79.01, 0.3; GCA_003266145.1, s__Methanosphaera sp003266145, 95.0, 78.91, 0.25; GCA_015062825.1, s__Methanosphaera stadtmanae_A, 95.0, 78.83, 0.38; GCA_015062805.1, s__Methanosphaera stadtmanae_C, 95.0, 78.78, 0.32; GCA_017431845.1, s__Methanosphaera sp017431845, 95.0, 78.55, 0.29; GCA_017430835.1, s__Methanosphaera sp017430835, 95.0, 78.46, 0.31; GCF_003268005.1, s__Methanosphaera sp003268005, 95.0, 78.39, 0.31; GCA_015062815.1, s__Methanosphaera stadtmanae_B, 95.0, 78.27, 0.31; GCA_003266105.1, s__Methanosphaera sp003266105, 95.0, 77.88, 0.23; GCA_902797085.1, s__Methanosphaera sp902797085, 95.0, 77.47, 0.22; GCA_017652595.1, s__Methanosphaera sp017652595, 95.0, 77.33, 0.15; GCA_003266075.1, s__Methanosphaera sp003266075, 95.0, 77.27, 0.14; GCA_003266165.1, s__Methanosphaera sp003266165, 95.0, 77.11, 0.13	97.54	11	0.9794845994213376	Genome not assigned to closest species as it falls outside its pre-defined ANI radius
ERR1135364_102	d__Archaea;p__Thermoplasmatota;c__Thermoplasmata;o__Methanomassiliicoccales;f__Methanomethylophilaceae;g__UBA71;s__UBA71 sp016296195	GCA_016296195.1	95.0	d__Archaea;p__Thermoplasmatota;c__Thermoplasmata;o__Methanomassiliicoccales;f__Methanomethylophilaceae;g__UBA71;s__UBA71 sp016296195	97.2	0.78	GCA_016296195.1	95.0	d__Archaea;p__Thermoplasmatota;c__Thermoplasmata;o__Methanomassiliicoccales;f__Methanomethylophilaceae;g__UBA71;s__UBA71 sp016296195	97.2	0.78	d__Archaea;p__Thermoplasmatota;c__Thermoplasmata;o__Methanomassiliicoccales;f__Methanomethylophilaceae;g__UBA71;s__	taxonomic classification defined by topology and ANI	topological placement and ANI have congruent species assignments	GCA_017461225.1, s__UBA71 sp017461225, 95.0, 81.6, 0.62; GCA_017935945.1, s__UBA71 sp017935945, 95.0, 81.13, 0.52; GCA_015063165.1, s__UBA71 sp015063165, 95.0, 80.69, 0.41; GCA_905187815.1, s__UBA71 sp905187815, 95.0, 80.66, 0.55; GCA_009911715.1, s__UBA71 sp006954425, 95.0, 80.55, 0.57; GCA_015063135.1, s__UBA71 sp015063135, 95.0, 80.28, 0.47; GCA_006954465.1, s__UBA71 sp006954465, 95.0, 80.09, 0.38; GCA_900767505.1, s__UBA71 sp900767505, 95.0, 80.03, 0.42; GCA_001563305.1, s__UBA71 sp001563305, 95.0, 80.02, 0.46; GCA_017507885.1, s__UBA71 sp017507885, 95.0, 79.85, 0.49; GCA_015063245.1, s__UBA71 sp015063245, 95.0, 79.79, 0.44; GCA_002504405.1, s__UBA71 sp002504405, 95.0, 79.75, 0.49; GCA_002506425.1, s__UBA71 sp002506425, 95.0, 79.34, 0.41; GCA_015063125.1, s__UBA71 sp015063125, 95.0, 79.33, 0.41; GCA_016284295.1, s__UBA71 sp016284295, 95.0, 79.24, 0.49; GCA_017468935.1, s__UBA71 sp017468935, 95.0, 79.23, 0.33; GCA_015063285.1, s__UBA71 sp015063285, 95.0, 79.22, 0.35; GCA_017540825.1, s__UBA71 sp017540825, 95.0, 79.09, 0.35; GCA_017519045.1, s__UBA71 sp017519045, 95.0, 79.03, 0.43; GCA_002504495.1, s__UBA71 sp002504495, 95.0, 78.9, 0.37; GCA_017524805.1, s__UBA71 sp017524805, 95.0, 78.6, 0.28; GCA_002506175.1, s__UBA71 sp002506175, 95.0, 78.45, 0.29; GCA_015063235.1, s__UBA71 sp015063235, 95.0, 78.21, 0.29; GCA_017475875.1, s__UBA71 sp017475875, 95.0, 78.2, 0.28; GCA_016281925.1, s__UBA71 sp016281925, 95.0, 77.54, 0.26	70.26	11	N/A	N/A
ERR1135385_86	d__Archaea;p__Methanobacteriota;c__Methanobacteria;o__Methanobacteriales;f__Methanobacteriaceae;g__Methanobrevibacter_A;s__	N/A	N/A	N/A	N/A	N/A	GCF_003814835.1	95.0	d__Archaea;p__Methanobacteriota;c__Methanobacteria;o__Methanobacteriales;f__Methanobacteriaceae;g__Methanobrevibacter_A;s__Methanobrevibacter_A gottschalkii	87.03	0.79	d__Archaea;p__Methanobacteriota;c__Methanobacteria;o__Methanobacteriales;f__Methanobacteriaceae;g__Methanobrevibacter_A;s__	taxonomic classification defined by topology and ANI	N/A	GCA_900769095.1, s__Methanobrevibacter_A sp900769095, 95.0, 84.6, 0.68; GCA_902785855.1, s__Methanobrevibacter_A sp902785855, 95.0, 81.66, 0.58; GCA_902770715.1, s__Methanobrevibacter_A sp902770715, 95.0, 81.37, 0.57; GCF_001548675.1, s__Methanobrevibacter_A sp001548675, 95.0, 81.36, 0.62; GCA_904501935.1, s__Methanobrevibacter_A sp904501935, 95.0, 81.29, 0.59; GCA_900314695.1, s__Methanobrevibacter_A sp900314695, 95.0, 80.99, 0.56; GCA_017407115.1, s__Methanobrevibacter_A sp017407115, 95.0, 80.91, 0.43; GCA_017539065.1, s__Methanobrevibacter_A sp017539065, 95.0, 80.88, 0.55; GCA_015062935.1, s__Methanobrevibacter_A sp015062935, 95.0, 80.74, 0.55; GCA_017434525.1, s__Methanobrevibacter_A sp017434525, 95.0, 80.73, 0.54; GCA_017427765.1, s__Methanobrevibacter_A sp017427765, 95.0, 80.71, 0.57; GCA_017468685.1, s__Methanobrevibacter_A sp017468685, 95.0, 80.6, 0.52; GCA_900319985.1, s__Methanobrevibacter_A sp900319985, 95.0, 80.59, 0.49; GCA_902764455.1, s__Methanobrevibacter_A sp902764455, 95.0, 80.54, 0.58; GCA_900314615.1, s__Methanobrevibacter_A sp900314615, 95.0, 80.45, 0.53; GCA_017431965.1, s__Methanobrevibacter_A sp017431965, 95.0, 80.38, 0.5; GCA_900313645.1, s__Methanobrevibacter_A sp900313645, 95.0, 80.33, 0.5; GCA_017940815.1, s__Methanobrevibacter_A sp017940815, 95.0, 80.3, 0.51; GCA_902801725.1, s__Methanobrevibacter_A sp902801725, 95.0, 80.29, 0.52; GCA_017473945.1, s__Methanobrevibacter_A sp017473945, 95.0, 80.29, 0.46; GCA_017459665.1, s__Methanobrevibacter_A sp017459665, 95.0, 80.28, 0.43; GCA_017409525.1, s__Methanobrevibacter_A sp017409525, 95.0, 80.28, 0.51; GCA_015062925.1, s__Methanobrevibacter_A thaueri_C, 95.0, 80.27, 0.51; GCA_015062985.1, s__Methanobrevibacter_A sp015062985, 95.0, 80.22, 0.48; GCF_001639275.1, s__Methanobrevibacter_A oralis, 95.0, 80.18, 0.55; GCA_900320955.1, s__Methanobrevibacter_A sp900320955, 95.0, 80.14, 0.43; GCA_900316895.1, s__Methanobrevibacter_A sp900316895, 95.0, 80.08, 0.38; GCA_900318035.1, s__Methanobrevibacter_A sp900318035, 95.0, 80.08, 0.46; GCA_902788255.1, s__Methanobrevibacter_A sp902788255, 95.0, 80.02, 0.46; GCA_902771225.1, s__Methanobrevibacter_A sp900319535, 95.0, 80.0, 0.51; GCA_902774605.1, s__Methanobrevibacter_A sp902774605, 95.0, 79.97, 0.33; GCF_001477655.1, s__Methanobrevibacter_A millerae_A, 95.0, 79.94, 0.45; GCA_015062915.1, s__Methanobrevibacter_A thaueri_B, 95.0, 79.89, 0.42; GCA_902789505.1, s__Methanobrevibacter_A sp902789505, 95.0, 79.89, 0.44; GCF_003111625.1, s__Methanobrevibacter_A thaueri, 95.0, 79.89, 0.46; GCA_902771435.1, s__Methanobrevibacter_A sp902771435, 95.0, 79.82, 0.5; GCA_015062905.1, s__Methanobrevibacter_A thaueri_A, 95.0, 79.74, 0.39; GCA_017460025.1, s__Methanobrevibacter_A sp017460025, 95.0, 79.71, 0.34; GCA_900317865.1, s__Methanobrevibacter_A sp900317865, 95.0, 79.67, 0.47; GCA_017447225.1, s__Methanobrevibacter_A sp017447225, 95.0, 79.57, 0.35; GCA_015063005.1, s__Methanobrevibacter_A millerae_B, 95.0, 79.55, 0.37; GCF_002252585.1, s__Methanobrevibacter_A smithii_A, 95.0, 79.54, 0.46; GCA_017434555.1, s__Methanobrevibacter_A sp017434555, 95.0, 79.46, 0.43; GCA_902783085.1, s__Methanobrevibacter_A sp902783085, 95.0, 79.41, 0.51; GCF_003111605.1, s__Methanobrevibacter_A woesei, 95.0, 79.38, 0.43; GCA_900320515.1, s__Methanobrevibacter_A sp900320515, 95.0, 79.37, 0.36; GCF_000016525.1, s__Methanobrevibacter_A smithii, 95.0, 79.36, 0.46; GCA_017634055.1, s__Methanobrevibacter_A sp017634055, 95.0, 79.24, 0.41; GCA_017406825.1, s__Methanobrevibacter_A sp017406825, 95.0, 79.15, 0.43; GCA_017553445.1, s__Methanobrevibacter_A sp017553445, 95.0, 79.14, 0.36; GCA_900766745.1, s__Methanobrevibacter_A sp900766745, 95.0, 78.9, 0.29; GCF_900103415.1, s__Methanobrevibacter_A millerae, 95.0, 78.82, 0.24; GCA_902794475.1, s__Methanobrevibacter_A sp902794475, 95.0, 78.8, 0.36; GCA_902777885.1, s__Methanobrevibacter_A sp902777885, 95.0, 78.61, 0.35; GCA_902782595.1, s__Methanobrevibacter_A sp902782595, 95.0, 78.31, 0.35; GCA_902764015.1, s__Methanobrevibacter_A sp902764015, 95.0, 78.3, 0.23; GCA_902772665.1, s__Methanobrevibacter_A sp902772665, 95.0, 78.29, 0.36; GCA_002496065.1, s__Methanobrevibacter_A sp002496065, 95.0, 78.2, 0.27; GCA_902796575.1, s__Methanobrevibacter_A sp902796575, 95.0, 77.48, 0.29	94.56	11	0.9892428417150878	Genome not assigned to closest species as it falls outside its pre-defined ANI radius
PRJEB11755_1729	d__Archaea;p__Thermoplasmatota;c__Thermoplasmata;o__Methanomassiliicoccales;f__Methanomethylophilaceae;g__SIG5;s__SIG5 sp016297775	GCA_016297775.1	95.0	d__Archaea;p__Thermoplasmatota;c__Thermoplasmata;o__Methanomassiliicoccales;f__Methanomethylophilaceae;g__SIG5;s__SIG5 sp016297775	98.98	0.84	GCA_016297775.1	95.0	d__Archaea;p__Thermoplasmatota;c__Thermoplasmata;o__Methanomassiliicoccales;f__Methanomethylophilaceae;g__SIG5;s__SIG5 sp016297775	98.98	0.84	d__Archaea;p__Thermoplasmatota;c__Thermoplasmata;o__Methanomassiliicoccales;f__Methanomethylophilaceae;g__SIG5;s__	taxonomic classification defined by topology and ANI	topological placement and ANI have congruent species assignments	GCA_017508065.1, s__SIG5 sp017508065, 95.0, 81.81, 0.51; GCA_015063185.1, s__SIG5 sp015063185, 95.0, 81.37, 0.48; GCA_017395275.1, s__SIG5 sp017395275, 95.0, 80.27, 0.34; GCA_015063195.1, s__SIG5 sp015063195, 95.0, 78.65, 0.22	97.74	11	N/A	N/A
